{
"menu_hexdustry": "HEXDUSTRY",
"menu_juego_rapido": "Quick Game",
"menu_tutorial": "Tutorial",
"menu_cargar_escenario": "Load Map",
"menu_editor": "Editor",
"menu_precio_tecnologia": "Technology Price",
"menu_claves": "Sandbox",
"menu_sin_archivos": "No scenarios yet",
"menu_html": "Reduced performance in HTML5",
"menu_modo_infinito": "Infinite mode",
"menu_modo_oleadas": "Wave mode",
"menu_modo_misiones": "Mission mode",
"menu_numero_oleadas": "Number of waves",

"cancelar": "Cancel",
"volver": "Back",
"nuevo_archivo": "New file",
"activar": "Activate",
"desactivar": "Deactivate",
"salir": "Exit",
"praderas": "Grasslands",
"cuevas": "Caves",
"desierto": "Desert",
"nieve": "Snow",
"islas": "Islands",
"activado": "Enabled",
"desactivado": "Disabled",

"Núcleo": "Nucleus",
"Taladro": "Drill",
"Cinta Transportadora": "Conveyor Belt",
"Enrutador": "Router",
"Selector": "Sorter",
"Overflow": "Overflow",
"Túnel": "Tunnel",
"Horno": "Furnace",
"Taladro Eléctrico": "Electric Drill",
"Triturador": "Crusher",
"Generador": "Generator",
"Cable": "Cable",
"Batería": "Battery",
"Panel Solar": "Solar Panel",
"Bomba Hidráulica": "Hydraulic Pump",
"Tubería": "Pipe",
"Túnel salida": "Tunnel Exit",
"Energía Infinita": "Infinite Energy",
"Cinta Magnética": "Magnetic Belt",
"Torre básica": "Basic Tower",
"Rifle": "Rifle",
"Lanzallamas": "Flamethrower",
"Planta Química": "Chemical Plant",
"Láser": "Laser",
"Depósito": "Storage",
"Líquido Infinito": "Infinite Liquid",
"Turbina": "Turbine",
"Refinería de Metales": "Metal Refinery",
"Fábrica de Drones": "Drone Factory",
"Recurso Infinito": "Infinite Resource",
"Bomba de Evaporación": "Evaporation Pump",
"Horno de Lava": "Lava Furnace",
"Generador Geotérmico": "Geothermal Generator",
"Taladro de Explosión": "Explosion Drill",
"Muro": "Wall",
"Puerto de Carga": "Charging Port",
"Ensambladora": "Assembler",
"Planta Nuclear": "Nuclear Plant",
"Torre de Alta Tensión": "High Voltage Tower",
"Perforadora de Petróleo": "Oil Driller",
"Mortero": "Mortar",
"Procesador": "Processor",
"Mensaje": "Message",
"Memoria": "Memory",
"Torre Reparadora": "Repair Tower",
"Tubería Subterránea": "Underground Pipe",
"Onda de Choque": "Shockwave",
"Muro Reforzado": "Reinforced Wall",
"Silo de Misiles": "Missile Silo",
"Planta de Enriquecimiento": "Enrichment Plant",
"Almacén": "Warehouse",
"Fábrica de Concreto": "Concrete Factory",
"Pantalla": "Display",
"Refinería de Petróleo": "Oil Refinery",
"Planta de Reciclaje": "Recycling Plant",
"Planta Desalinizadora": "Desalination Plant",
"Embotelladora": "Bottling Plant",

"descripcion_Núcleo": "It is the command center. All resources are stored here, and you must protect it at all costs.",
"descripcion_Taladro": "Mines copper, iron, and coal at no cost. Can be boosted with Water.",
"descripcion_Cinta Transportadora": "Moves resources from one place to another.",
"descripcion_Enrutador": "Distributes resources in a chosen direction.",
"descripcion_Selector": "Allows only one specific resource to pass while diverting the rest.",
"descripcion_Overflow": "Diverts resources once the line becomes saturated.",
"descripcion_Túnel": "Sends resources underground so other structures can be built above.",
"descripcion_Horno": "Uses fuel to smelt Bronze, Steel, and Silicon.",
"descripcion_Taladro Eléctrico": "Improved drill that also extracts stone and sand from the ground but consumes energy. Can be boosted with Water",
"descripcion_Triturador": "Crushes stone into sand.",
"descripcion_Generador": "Generates energy using fuel.",
"descripcion_Cable": "Connects nearby buildings to the power grid.",
"descripcion_Batería": "Stores excess energy to be used later.",
"descripcion_Panel Solar": "Generates clean energy from sunlight.",
"descripcion_Bomba Hidráulica": "Extracts liquids from the ground using energy.",
"descripcion_Tubería": "Connects structures to transport liquids.",
"descripcion_Túnel salida": "Sends resources underground so other structures can be built above.",
"descripcion_Energía Infinita": "Generates energy using magic.",
"descripcion_Cinta Magnética": "Improved version of the Conveyor Belt that transports more items.",
"descripcion_Torre básica": "Simple defense turret; can shoot Copper or Iron.",
"descripcion_Rifle": "Long-range defense turret that fires Bronze, Steel, or Uranium.",
"descripcion_Lanzallamas": "Uses combustible resources to burn enemies. Can be boosted with Oil.",
"descripcion_Planta Química": "Allows selecting a recipe to produce chemical compounds.",
"descripcion_Láser": "Fires a constant laser whose damage depends on available energy.",
"descripcion_Depósito": "Stores large amounts of liquid.",
"descripcion_Líquido Infinito": "Generates any liquid of choice using magic.",
"descripcion_Turbina": "Generates energy using a fuel and Water.",
"descripcion_Refinería de Metales": "Refines Copper Stone or Iron Stone into Copper or Iron using Acid.",
"descripcion_Fábrica de Drones": "Produces transport drones using Silicon, Batteries, and a large amount of energy.",
"descripcion_Recurso Infinito": "Generates resources using magic.",
"descripcion_Bomba de Evaporación": "Slowly extracts Water through evaporation.",
"descripcion_Horno de Lava": "Similar to a normal furnace but uses the heat of lava to smelt faster.",
"descripcion_Generador Geotérmico": "Generates energy by evaporating Water; must be built on lava.",
"descripcion_Taladro de Explosión": "Uses explosives to extract one resource from every minable tile in its area.",
"descripcion_Muro": "Distracts enemies while your defenses deal with them.",
"descripcion_Puerto de Carga": "Connects Cargo Ports so your drones can move resources between them.",
"descripcion_Ensambladora": "Uses Copper and Silicon to produce components.",
"descripcion_Planta Nuclear": "Consumes 1 part Enriched Uranium and 20 parts Depleted Uranium along with large amounts of Water to generate massive energy.",
"descripcion_Torre de Alta Tensión": "Connects power grids across long distances.",
"descripcion_Perforadora de Petróleo": "Produces oil at high cost anywhere on the map.",
"descripcion_Mortero": "Fires long-range explosives, devastating groups of enemies.",
"descripcion_Procesador": "Processes logical instructions.",
"descripcion_Mensaje": "Allows writing messages.",
"descripcion_Memoria": "Stores up to 128 data values.",
"descripcion_Torre Reparadora": "Projects a repair laser onto nearby buildings using energy.",
"descripcion_Tubería Subterránea": "Connects liquid pipelines underground.",
"descripcion_Onda de Choque": "Charges and releases a powerful shockwave that damages and slows all enemies within its range.",
"descripcion_Muro Reforzado": "An improved version of the wall, harder and better",
"descripcion_Silo de Misiles": "Here you can build a nuclear missile using steel, explosives, oil, and 90% enriched uranium.",
"descripcion_Planta de Enriquecimiento": "Allows recycling uranium by consuming large amounts of water and energy continuously",
"descripcion_Almacén": "Stores resources for later use",
"descripcion_Fábrica de Concreto": "Produces concrete from Sand, Stone, and Water",
"descripcion_Pantalla": "Allows drawing images sent from a processor",
"descripcion_Refinería de Petróleo": "Uses fractional distillation to extract Plastic, Fuel, and Sulfur from Oil",
"descripcion_Planta de Reciclaje": "Allows recycling part of the resources from nearby destroyed enemies",
"descripcion_Planta Desalinizadora": "Purifies salt water to extract Salt and fresh Water",
"descripcion_Embotelladora": "Fills and empties barrels with liquids",

"Cobre": "Copper",
"Carbón": "Coal",
"Bronce": "Bronze",
"Hierro": "Iron",
"Acero": "Steel",
"Arena": "Sand",
"Piedra": "Stone",
"Silicio": "Silicon",
"Concreto": "Concrete",
"Piedra Cúprica": "Cupric Stone",
"Piedra Férrica": "Ferric Stone",
"Piedra Sulfatada": "Sulfated Stone",
"Compuesto Incendiario": "Incendiary Compound",
"Explosivo": "Explosive",
"Batería": "Battery",
"Plástico": "Plastic",
"Electrónicos": "Component",
"Uranio Bruto": "Raw Uranium",
"Uranio Enriquecido": "Enriched Uranium",
"Uranio Empobrecido": "Depleted Uranium",
"Sal": "Salt",
"Barril con Agua": "Barrel with Water",
"Barril con Ácido": "Barrel with Acid",
"Barril con Petróleo": "Barrel with Oil",
"Barril con Lava": "Barrel with Lava",
"Barril con Agua salada": "Barrel with Salt Water",

"descripcion_Cobre": "Basic resource, essential for early buildings. Can be refined to obtain Bronze",
"descripcion_Carbón": "Basic fuel, useful for operating Furnaces and Generators",
"descripcion_Bronce": "Useful resource for constructing mid-tier infrastructure",
"descripcion_Hierro": "Basic resource, essential for early buildings",
"descripcion_Acero": "Useful resource for constructing mid-tier infrastructure",
"descripcion_Arena": "Resource required for producing refined goods such as Silicon or Concrete",
"descripcion_Piedra": "Resource required for producing Concrete. Can be transformed into Sand in a Crusher",
"descripcion_Silicio": "Resource useful for producing Solar Panels, Drones, and Circuits",
"descripcion_Concreto": "Resource used for building mid-tier infrastructure",
"descripcion_Piedra Cúprica": "Can be used as normal Stone or purified to obtain Copper",
"descripcion_Piedra Férrica": "Can be used as normal Stone or purified to obtain Iron",
"descripcion_Piedra Sulfatada": "Can be used as normal Stone, but is essential for producing more refined goods",
"descripcion_Compuesto Incendiario": "Advanced fuel, more efficient and durable than Coal",
"descripcion_Explosivo": "Advanced ammunition for Mortars and required for operating Blast Drills",
"descripcion_Batería": "Resource required for producing all types of Drones",
"descripcion_Plástico": "Lightweight material, useful for Drone production",
"descripcion_Componente": "Basic circuit, required for producing all types of Drones and advanced electrical buildings",
"descripcion_Uranio Bruto": "Unrefined uranium, useful as ammunition. Can be refined to separate Depleted Uranium from Enriched Uranium",
"descripcion_Uranio Enriquecido": "Uranium-235, useful for power generation in Nuclear Plants",
"descripcion_Uranio Empobrecido": "Uranium-238, required to support energy production in Nuclear Plants and useful as ammunition",
"descripcion_Sal": "Useful resource for improving other industrial processes such as the chemical plant, oil refinery, and silicon production",
"descripcion_Barril con Agua": "Barrel with Water, useful for storing and distributing water",
"descripcion_Barril con Ácido": "Barrel with Acid, useful for storing and distributing it",
"descripcion_Barril con Petróleo": "Barrel with Oil, useful for storing and distributing it",
"descripcion_Barril con Lava": "Barrel with Lava, useful for storing and distributing it",
"descripcion_Barril con Agua salada": "Barrel with Salt Water, useful for storing and distributing it",

"Piedra": "Stone",
"Pasto": "Grass",
"Agua": "Water",
"Arena": "Sand",
"Agua Profunda": "Deep Water",
"Petróleo": "Oil",
"Piedra Cúprica": "Cupric Stone",
"Piedra Férrica": "Ferric Stone",
"Basalto Sulfatado": "Sulfated Basalt",
"Pared de Piedra": "Stone Wall",
"Pared de Pasto": "Grass Wall",
"Pared de Arena": "Sand Wall",
"Nieve": "Snow",
"Pared de Nieve": "Snow Wall",
"Lava": "Lava",
"Hielo": "Ice",
"Basalto": "Basalt",
"Ceniza": "Ash",
"Agua Salada": "Salt Water",
"Agua Salada Profunda": "Deep Salt Water",

"liquido_Agua": "Water",
"liquido_Ácido": "Acid",
"liquido_Petróleo": "Oil",
"liquido_Lava": "Lava",
"liquido_Agua salada": "Salt Water",

"Araña": "Spider",
"Dron": "Dron",
"Reparador": "Reparator",
"Explosivo": "Explosive",
"Tanque": "Tank",
"Helicoptero": "Helicopter",

"Transporte": "Transport",
"Extracción": "Extraction",
"Producción": "Production",
"Electricidad": "Electricity",
"Líquidos": "Liquids",
"Defensa": "Defense",
"Lógica": "Logic",

"editor_nuevo_objetivo": "Objective name",
"editor_configuracion": "Configuration",
"editor_edificios_disponibles": "Buildings availables",
"editor_objetivo": "Objective",
"editor_de": "of",
"editor_enemigos": "enemies",
"editor_habilitar": "Enable timer",
"editor_deshabilitar": "Disable timer",
"editor_luego_de": "after",
"editor_mostrar": "show",
"editor_ocultar": "hide",
"editor_on": "on",
"editor_add_text": "Add text",
"editor_no": "No",
"editor_cambiar_oleadas": "Enable / Disable waves",
"editor_mover_camara": "Move camera",
"editor_mover_a": "Move to",
"editor_eliminar_objetivo": "Delete objective",
"editor_activar_oleadas": "Activate waves",
"editor_desactivar_oleadas": "Deactivate waves",
"editor_primera_ronda": "First wave time",
"editor_siguiente_ronda": "Time between waves",
"editor_texto_victoria": "Victory text",
"editor_multiplicador_vida": "Enemy health multiplier",
"editor_carga_inicial": "Initial load",
"editor_generar_terreno": "Generate terrain",
"editor_seed": "Seed",
"editor_terreno_base": "Base terrain",
"editor_add": "Add",
"editor_size": "of size",
"editor_veces": "times",
"editor_al_rededor": "Around",
"editor_reemplazar": "replace",
"editor_con": "with",
"editor_Reemplazar": "Replace",
"editor_el": "the",
"editor_del_tiempo": "of the time",
"editor_manchas": "Terrain patches",
"editor_borde": "Borders",
"editor_ruido": "Noise",
"editor_menas": "Resource veins",
"editor_size_map": "Map size",
"editor_clic": "Left click to",
"editor_clic_aplicar": "Click to apply",
"editor_eliminar_mena": "Delete resource vein",
"editor_cambiar_base": "Change base position",
"editor_cambiar_zona": "Change enemy spawn zone",
"editor_info": "View information",
"editor_objetivos": "Objectives",
"editor_editar_mapa": "Edit map",
"editor_guardar": "Save map",
"editor_cargar": "Load map",
"editor_cualquiera": "any",

"game_activar": "Activate",
"game_first_wave": "for the first wave",
"game_next_wave": "for the next wave",
"game_enciclopedia": "Encyclopedia",
"game_puerto_carga": "Connects to another Cargo Port",
"game_vincular_procesador": "Links with any building",
"game_creando_dron": "Creating",
"game_limite_dron": "Drone limit reached",
"game_producira": "Will produce",

"mision_enemigos": "enemies",
"mision_tiempo": "Time remaining",

"almacen_almacen": "Storage",
"almacen_total": "Total",
"almacen_sin_recursos": "No resources",
"almacen_recursos_disponibles": "Available resources",
"almacen_combustion": "Combustion",
"almacen_acepta_todo": "Accepts all",
"almacen_acepta": "Accepts",
"almacen_entrega_todo": "Delivers all",
"almacen_entrega": "Delivers",
"almacen_funcionando_al": "Operating at",
"almacen_de_su_capacidad": "of its capacity",
"almacen_proceso": "Process",
"almacen_consumiendo": "Consuming",
"almacen_produciendo": "Producing",
"almacen_sin_receta": "No Recipe",

"red_red": "Grid",
"red_consumo": "Consumption",
"red_generacion": "Generation",
"red_bateria": "Battery",
"red_energia": "energy",

"flujo_flujo": "Pipeline",
"flujo_sin_liquido": "No liquids",
"flujo_generacion": "Generation",
"flujo_consumo": "Consumption",
"flujo_almacenado": "Stored",
"flujo_liquido": "líquid",

"win_victoria": "Victory",
"win_derrota": "Defeat",
"win_tiempo": "Time",
"win_edificios": "Buildings constructed",
"win_drones": "Drones built",
"win_enemigos": "Enemies eliminated",
"win_tecnologias": "Technologies researched",
"win_misiones": "Objectives completed",
"win_siguiente_mision": "Next mission",
"win_seguir_jugando": "Continue playing?",
"win_reintentar": "Retry",
"win_salir": "Return to menu",

"construir_recursos_insuficientes": "Insufficient resources",
"construir_enemigos_cerca": "Enemies too close!",
"construir_zona_enemigos": "Enemy spawn zone",
"construir_terreno_invalido": "Invalid terrain",
"construir_combinar_liquidos": "Cannot mix liquids",
"construir_sobre_agua_lava": "Must be built over water, oil, or lava",
"construir_sobre_lava": "Must be built over lava",
"construir_sobre_agua": "Must be built over water",
"construir_sobre_minerales": "Must be built over minerals",
"construir_sobre_minerales_piedra": "Must be built over minerals, stone, or sand",
"construir_ocupado": "Occupied terrain",

"procesador_cargar": "Load code",
"procesador_guardar": "Save code",
"procesador_next_step": "Next instruction",
"procesador_add": "Add",
"procesador_subir": "Move up",
"procesador_clonar": "Clone",
"procesador_borrar": "Delete",
"procesador_vincular": "Link buildings",

"procesador_continue": "Continue",
"procesador_set": "Set",
"procesador_random": "Randomize",
"procesador_to": "to",
"procesador_if": "If",
"procesador_is": "is",
"procesador_is_not": "is not",
"procesador_jump": "jump to line",
"procesador_control": "Control",
"procesador_to_set": "to set",
"procesador_from": "from",
"procesador_write": "Write",
"procesador_to_value_of_cell": "to the value in the cell",
"procesador_into_value_of_cell": "into the value in the cell",
"procesador_of": "of",

"procesador_Continuar": "Continue",
"procesador_Asignar variable": "Assign variable",
"procesador_Operaciones de una variable": "Single-variable operations",
"procesador_Operaciones de dos variables": "Two-variable operations",
"procesador_Saltar a línea": "Jump to line",
"procesador_Leer información de edificio": "Read building information",
"procesador_Controlar edificio": "Control building",
"procesador_Leer datos de Memoria": "Read memory data",
"procesador_Escribir datos a Memoria": "Write memory data",
"procesador_Dibujar a Pantalla": "Draw to screen",

"show_menu_invertir": "Invert",
"show_menu_ningun_liquido": "No liquid",
"show_menu_receta": "Recipe",
"show_menu_unidad": "Unit",
"show_menu_no_disponible": "Not available yet",

"pausa": "P A U S E",
"pausa_continuar": "Press Esc to continue",
"pausa_red": "\n\"O\" to view the power grid",
"pausa_liquido": "\n\"I\" to view the liquid networks",
"pausa_enciclopedia": "\n\"Y\" to open the encyclopedia",
"pausa_reparar": "\n\"Q\" rebuild structures",
"pausa_activar": "Enable",
"pausa_desactivar": "Disable",
"pausa_info": "additional information",
"pausa_animacion": "terrain animations",
"pausa_iluminacion": "lighting",
"pausa_humo": "smoke",
"pausa_paredes": "wall textures",
"pausa_UI": "UI",
"pausa_sonido": "sound",

"enciclopedia_recursos": "Resources",
"enciclopedia_edificios": "Buildings",
"enciclopedia_unidades": "Units",
"enciclopedia_tecnologia": "Technology",
"enciclopedia_combustible": "Combustable for",
"enciclopedia_usado_en": "Used in",
"enciclopedia_producido_en": "Produced in",
"enciclopedia_necesario_para_construir": "Required to build",
"enciclopedia_necesario_para_producir": "Required to produce",
"enciclopedia_inutil": "Not useful in the core",
"enciclopedia_vida": "Max health",
"enciclopedia_size": "Size",
"enciclopedia_coste_construccion": "Construction cost",
"enciclopedia_consume": "Consumes",
"enciclopedia_produce": "Produces",
"enciclopedia_construir": "Build",
"enciclopedia_investigar": "Investigate",
"enciclopedia_aerea": "Air unit",

"objetivo_conseguir": "obtain",
"objetivo_tener almacenado": "have stored",
"objetivo_construir": "build",
"objetivo_tener construido": "have built",
"objetivo_matar": "kill",
"objetivo_sin objetivo": "no objective",
"objetivo_apretar ADWS": "press ADWS",
"objetivo_cargar edificio": "load building",

"planta_quimica_receta 0": "Acid",
"planta_quimica_receta 1": "Explosives",
"planta_quimica_receta 2": "Batteries",

"planta_quimica_descripcion 0": "Consumes Sulfated Stone and energy to produce Acid",
"planta_quimica_descripcion 1": "Uses Coal and Sulfated Stone to produce Explosives",
"planta_quimica_descripcion 2": "Uses Acid, Iron, and energy to produce Batteries"
}