{
"menu_hexdustry": "HEXDUSTRY",
"menu_juego_rapido": "Juego Rápido",
"menu_tutorial": "Tutorial",
"menu_cargar_escenario": "Cargar Escenario",
"menu_editor": "Editor",
"menu_precio_tecnologia": "Precio Tecnología",
"menu_claves": "Sandbox",
"menu_sin_archivos": "Sin escenarios aún",

"cancelar": "Cancelar",
"volver": "Volver",
"nuevo_archivo": "Nuevo archivo",
"activar": "Activar",
"desactivar": "Desactivar",

"Núcleo": "Núcleo",
"Taladro": "Taladro",
"Cinta Transportadora": "Cinta Transportadora",
"Enrutador": "Enrutador",
"Selector": "Selector",
"Overflow": "Overflow",
"Túnel": "Túnel",
"Horno": "Horno",
"Taladro Eléctrico": "Taladro Eléctrico",
"Triturador": "Triturador",
"Generador": "Generador",
"Cable": "Cable",
"Batería": "Batería",
"Panel Solar": "Panel Solar",
"Bomba Hidráulica": "Bomba Hidráulica",
"Tubería": "Tubería",
"Túnel salida": "Túnel salida",
"Energía Infinita": "Energía Infinita",
"Cinta Magnética": "Cinta Magnética",
"Torre básica": "Torre básica",
"Rifle": "Rifle",
"Lanzallamas": "Lanzallamas",
"Planta Química": "Planta Química",
"Láser": "Láser",
"Depósito": "Depósito",
"Líquido Infinito": "Líquido Infinito",
"Turbina": "Turbina",
"Refinería de Metales": "Refinería de Metales",
"Fábrica de Drones": "Fábrica de Drones",
"Recurso Infinito": "Recurso Infinito",
"Bomba de Evaporación": "Bomba de Evaporación",
"Horno de Lava": "Horno de Lava",
"Generador Geotérmico": "Generador Geotérmico",
"Taladro de Explosión": "Taladro de Explosión",
"Muro": "Muro",
"Puerto de Carga": "Puerto de Carga",
"Ensambladora": "Ensambladora",
"Planta Nuclear": "Planta Nuclear",
"Torre de Alta Tensión": "Torre de Alta Tensión",
"Perforadora de Petróleo": "Perforadora de Petróleo",
"Mortero": "Mortero",
"Procesador": "Procesador",
"Mensaje": "Mensaje",
"Memoria": "Memoria",
"Torre Reparadora": "Torre Reparadora",
"Tubería Subterránea": "Tubería Subterránea",
"Onda de Choque": "Onda de Choque",
"Muro Reforzado": "Muro Reforzado",

"descripcion_Núcleo": "Es el centro de mando, aquí se almacenan todos los recursos y debes protegerlo a toda costa",
"descripcion_Taladro": "Permite minar cobre, hierro y carbón sin coste alguno.    Puede potenciarse con Agua",
"descripcion_Cinta Transportadora": "Mueve recursos de un lugar a otro",
"descripcion_Enrutador": "Distribuye recursos en una dirección",
"descripcion_Selector": "Permite el paso de un recurso específico mientras desvía al resto",
"descripcion_Overflow": "Desvía los recursos una vez que la línea esté saturada",
"descripcion_Túnel": "Pasa recursos bajo tierra permitiendo construir encima",
"descripcion_Horno": "Utiliza combustible para fundir Bronce, Acero y Silicio",
"descripcion_Taladro Eléctrico": "Taladro mejorado que también extrae piedra y arena del suelo pero consume energía. Puede potenciarse con Ácido",
"descripcion_Triturador": "Tritura la piedra para hacerla arena",
"descripcion_Generador": "Genera energía utlizando combustible",
"descripcion_Cable": "Conecta edificios cercanos a la red de energía",
"descripcion_Batería": "Almacena el excedente de energía para usarlo más tarde",
"descripcion_Panel Solar": "Genera energía limpia del sol",
"descripcion_Bomba Hidráulica": "Extrae líquidos del terreno usando energía",
"descripcion_Tubería": "Conecta estructuras para llevar líquidos",
"descripcion_Túnel salida": "Pasa recursos bajo tierra permitiendo construir encima",
"descripcion_Energía Infinita": "Genera energía a partir de magia",
"descripcion_Cinta Magnética": "Versión mejorada de la Cinta Transportadora que permite transportar más cosas",
"descripcion_Torre básica": "Defensa simple, puede disparar Cobre o Hierro",
"descripcion_Rifle": "Defensa de largo alcance que dispara Bronce, Acero o Uranio",
"descripcion_Lanzallamas": "Utiliza recursos combustibles para quemar a los enemigos. Puede ser potenciado con Petróleo",
"descripcion_Planta Química": "Escoge una receta para producir compuestos químicos",
"descripcion_Láser": "Dispara un láser constante cuyo daño depende de la cantidad de energía disponible",
"descripcion_Depósito": "Almacena grandes cantidades de líquidos",
"descripcion_Líquido Infinito": "Genera el líquido a elección a partir de magia",
"descripcion_Turbina": "Genera energía a partir de un combustible y Agua",
"descripcion_Refinería de Metales": "Refina la Piedra Cúprica o Férrica en Cobre o Hierro usando Ácido",
"descripcion_Fábrica de Drones": "Fabrica drones de transporte utilizando Silicio, Baterías y bastante energía",
"descripcion_Recurso Infinito": "Genera recursos a partir de magia",
"descripcion_Bomba de Evaporación": "Extrae lentamente Agua por evaporación",
"descripcion_Horno de Lava": "Similar al horno normal, pero utiliza el calor de la lava para cocinar más rápido",
"descripcion_Generador Geotérmico": "Genera energía a partir de evaporar Agua, debe ser construido sobre lava",
"descripcion_Taladro de Explosión": "Utiliza explosivos para extraer un recurso de cada terreno minable en su área",
"descripcion_Muro": "Distrae a los enemigos mientras tus defensas se encargan de ellos",
"descripcion_Puerto de Carga": "Conceta Puertos de Carga para que tus drones muevan recursos entre ellos",
"descripcion_Ensambladora": "Utiliza Cobre y Silicio para producir componentes",
"descripcion_Planta Nuclear": "Consume 1 parte de Uranio Enriquecido por 20 partes de Uranio Empobrecido y mucha Agua para generar mucha energía",
"descripcion_Torre de Alta Tensión": "Conecta redes eléctricas a través de largas distancias",
"descripcion_Perforadora de Petróleo": "Produce petróleo a alto coste en cualquier lugar",
"descripcion_Mortero": "Dispara explosivos a largo alcance, devastando un área de enemigos",
"descripcion_Procesador": "Procesa instrucciones lógicas",
"descripcion_Mensaje": "Permite escribir mensajes",
"descripcion_Memoria": "Permite almacenar hasta 128 datos",
"descripcion_Torre Reparadora": "Proyecta un láser de reparación a los edificios cercanos usando energía",
"descripcion_Tubería Subterránea": "Conecta líneas de líquidos por debajo tierra",
"descripcion_Onda de Choque": "Carga y libera una gran onda de choque que daña y ralentiza a todos los enemigos en su rango",
"descripcion_Muro Reforzado": "Versión mejorada del muro, más duro y mejor",

"Cobre": "Cobre",
"Carbón": "Carbón",
"Bronce": "Bronce",
"Hierro": "Hierro",
"Acero": "Acero",
"Arena": "Arena",
"Piedra": "Piedra",
"Silicio": "Silicio",
"Concreto": "Concreto",
"Piedra Cúprica": "Piedra Cúprica",
"Piedra Férrica": "Piedra Férrica",
"Piedra Sulfatada": "Piedra Sulfatada",
"Compuesto Incendiario": "Compuesto Incendiario",
"Explosivo": "Explosivo",
"Batería": "Batería",
"Plástico": "Plástico",
"Componente": "Componente",
"Uranio Bruto": "Uranio Bruto",
"Uranio Enriquecido": "Uranio Enriquecido",
"Uranio Empobrecido": "Uranio Empobrecido",

"descripcion_Cobre": "Recurso básico, escencial para los primeros edificios. Puede ser refinado para obtener Bronce",
"descripcion_Carbón": "Combustible básico, útil para el funcionamiento de Hornos y Generadores",
"descripcion_Bronce": "Recurso útil para la construcción de infrastructura intermedia",
"descripcion_Hierro": "Recurso básico, escencial para los primeros edificios",
"descripcion_Acero": "Recurso útil para la construcción de infrastructura intermedia",
"descripcion_Arena": "Recurso necesario para la producción de bienes refinados como Silicio o Concreto",
"descripcion_Piedra": "Recurso necesario para la producción de Concreto. Puede ser transformado en Arena en un Triturador",
"descripcion_Silicio": "Recurso útil en la producción de Paneles Solares, Drones y Circuitos",
"descripcion_Concreto": "Recurso útil para la construcción de infrastructura intermedia",
"descripcion_Piedra Cúprica": "Puede ser utilizada como Piedra normal o purificada para obtener Cobre",
"descripcion_Piedra Férrica": "Puede ser utilizada como Piedra normal o porificada para obtener Hierro",
"descripcion_Piedra Sulfatada": "Puede ser utilizada como Piedra normal. Pero es escencial en la producción de bienes más refinados",
"descripcion_Compuesto Incendiario": "Combustible avanzado, más eficiente y dduradero que el Carbón",
"descripcion_Explosivo": "Munición avanzada para Morteros y necesario para el funcionamiento de Taladros de Explosión",
"descripcion_Batería": "Recurso necesario para la producción de todo tipo de Drones",
"descripcion_Plástico": "Material ligero, útil en la producción de Drones",
"descripcion_Componente": "Circuito básico, necesario para la producción de todo tipo de Drones y edificios eléctricos avanzados",
"descripcion_Uranio Bruto": "Uranio sin refinar, útil como munición. Puede ser refinado para dividir el Uranio Empobrecido del Enriquecido",
"descripcion_Uranio Enriquecido": "Uranio 235, útil para la generación de energía en Plantas Nucleares",
"descripcion_Uranio Empobrecido": "Uranio 238, necesario para acompañar la producción de energía en Plantas Nucleares. Y útil como munición",

"Piedra": "Piedra",
"Pasto": "Pasto",
"Agua": "Agua",
"Arena": "Arena",
"Agua Profunda": "Agua Profunda",
"Petróleo": "Petróleo",
"Piedra Cúprica": "Piedra Cúprica",
"Piedra Férrica": "Piedra Férrica",
"Basalto Sulfatado": "Basalto Sulfatado",
"Pared de Piedra": "Pared de Piedra",
"Pared de Pasto": "Pared de Pasto",
"Pared de Arena": "Pared de Arena",
"Nieve": "Nieve",
"Pared de Nieve": "Pared de Nieve",
"Lava": "Lava",
"Hielo": "Hielo",
"Basalto": "Basalto",
"Ceniza": "Ceniza",

"Araña": "Araña",
"Dron": "Dron",
"Reparador": "Reparador",
"Explosivo": "Explosivo",
"Tanque": "Tanque",
"Helicoptero": "Helicoptero",

"Transporte": "Transporte",
"Extracción": "Extracción",
"Producción": "Producción",
"Electricidad": "Electricidad",
"Líquidos": "Líquidos",
"Defensa": "Defensa",
"Lógica": "Lógica",

"editor_nuevo_objetivo": "Nombre objetivo",
"editor_configuracion": "Configuración",
"editor_edificios_disponibles": "Edificios disponibles",
"editor_objetivo": "Objetivo",
"editor_de": "de",
"editor_enemigos": "enemigos",
"editor_habilitar": "Habilitar cronómetro",
"editor_deshabilitar": "Deshabilitar cronómetro",
"editor_luego_de": "luego de",
"editor_mostrar": "mostrar",
"editor_ocultar": "ocultar",
"editor_on": "en",
"editor_add_text": "Añadir texto",
"editor_no": "No",
"editor_cambiar_oleadas": "Activar / Desactivar oleadas",
"editor_mover_camara": "Mover cámara",
"editor_mover_a": "Mover a",
"editor_eliminar_objetivo": "Eliminar objetivo",
"editor_activar_oleadas": "Activar oleadas",
"editor_desactivar_oleadas": "Desactivar oleadas",
"editor_primera_ronda": "Tiempo primera ronda",
"editor_siguiente_ronda": "Tiempo entre rondas",
"editor_texto_victoria": "Text de victoria",
"editor_multiplicador_vida": "Multiplicador de vida de los enemigos",
"editor_carga_inicial": "Carga inicial",
"editor_generar_terreno": "Generar terreno",
"editor_seed": "Semilla",
"editor_terreno_base": "Terreno base",
"editor_add": "Añadir",
"editor_size": "de tamaño",
"editor_veces": "veces",
"editor_al_rededor": "Al rededor de",
"editor_reemplazar": "reemplazar",
"editor_con": "con",
"editor_Reemplazar": "Reemplazar",
"editor_el": "el",
"editor_del_tiempo": "del tiempo",
"editor_manchas": "Manchas de Terreno",
"editor_borde": "Bordes",
"editor_ruido": "Ruido",
"editor_menas": "Menas de recursos",
"editor_size_map": "Tamaño del mapa",
"editor_clic": "Clic izquierdo para",
"editor_clic_aplicar": "Clic para aplicar",
"editor_eliminar_mena": "Elimiar mena de recursos",
"editor_cambiar_base": "Cambiar posición de la base",
"editor_cambiar_zona": "Cambia zona de aparición de enemigos",
"editor_info": "Ver información",
"editor_objetivos": "Objetivos",
"editor_editar_mapa": "Editar mapa",
"editor_guardar": "Guardar escenario",
"editor_cargar": "Cargar escenario",

"game_activar": "Activar",
"game_first_wave": "para la primera oleada",
"game_next_wave": "para la siguiente oleada",
"game_enciclopedia": "Enciclopedia",
"game_puerto_carga": "Conecta con otro Puerto de Carga",
"game_vincular_procesador": "Vincula con cualquier edificio",
"game_creando_dron": "Creando dron",
"game_limite_dron": "Límite de Drones alcanzado",

"mision_enemigos": "enemigos",
"mision_tiempo": "Tiempo restante",

"almacen_almacen": "Almacen",
"almacen_total": "Total",
"almacen_sin_recursos": "Sin recursos",
"almacen_recursos_disponibles": "Recursos disponibles",
"almacen_combustion": "Combustión",
"almacen_acepta_todo": "Acepta todo",
"almacen_acepta": "Acepta",
"almacen_entrega_todo": "Entrega todo",
"almacen_entrega": "Entrega",
"almacen_funcionando_al": "Funcionando al",
"almacen_de_su_capacidad": "de su capacidad",
"almacen_proceso": "Proceso",
"almacen_consumiendo": "Consumiendo",
"almacen_produciendo": "Produciendo",
"almacen_sin_receta": "Sin Receta",

"red_red": "Red",
"red_consumo": "Consumo",
"red_generacion": "Generación",
"red_bateria": "Batería",
"red_energia": "energía",

"flujo_flujo": "Tubería",
"flujo_sin_liquido": "Sin líquidos",
"flujo_generacion": "Generación",
"flujo_consumo": "Consumo",
"flujo_almacenado": "Almacenado",
"flujo_liquido": "líquido",

"win_victoria": "Victoria",
"win_derrota": "Derrota",
"win_tiempo": "Tiempo",
"win_edificios": "Edificios construidos",
"win_drones": "Drones construidos",
"win_enemigos": "Enemigos eliminados",
"win_siguiente_mision": "Siguiente misión",
"win_seguir_jugando": "¿Seguir jugando?",
"win_reintentar": "Intentar de nuevo",
"win_salir": "Salir al menú",

"construir_recursos_insuficientes": "Recursos insuficientes",
"construir_enemigos_cerca": "¡Hay enemigos demasiado cerca!",
"construir_zona_enemigos": "Zona de generación de enemigos",
"construir_terreno_invalido": "Terreno inválido",
"construir_combinar_liquidos": "No se puede combinar líquidos",
"construir_sobre_agua_lava": "Necesita ser construido sobre agua, petróleo o lava",
"construir_sobre_lava": "Necesita ser construido sobre lava",
"construir_sobre_agua": "Necesita ser construido sobre agua",
"construir_sobre_minerales": "Necesita ser construido sobre minerales",
"construir_sobre_minerales_piedra": "Necesita ser construido sobre minerales, piedra o arena",
"construir_ocupado": "Terreno ocupado",

"procesador_cargar": "Cargar código",
"procesador_guardar": "Guardar código",
"procesador_next_step": "Siguiente instrucción",
"procesador_add": "Añadir",
"procesador_subir": "Subir",
"procesador_clonar": "Clonar",
"procesador_borrar": "Borrar",
"procesador_vincular": "Vincular edificios",

"procesador_continue": "Continuar",
"procesador_set": "Asignar",
"procesador_random": "Aleatorizar",
"procesador_to": "a",
"procesador_if": "si",
"procesador_is": "es",
"procesador_is_not": "no es",
"procesador_jump": "salta a la línea",
"procesador_control": "Controlar",
"procesador_to_set": "para asignar",
"procesador_from": "desde",
"procesador_write": "Write",
"procesador_to_value_of_cell": "al valor en la celda",
"procesador_into_value_of_cell": "al valor en la celda",
"procesador_of": "de",

"procesador_Continuar": "Continuar",
"procesador_Asignar variable": "Asignar variable",
"procesador_Variable aleatoria": "Variable aleatoria",
"procesador_Operaciones": "Operaciones",
"procesador_Saltar a línea": "Saltar a línea",
"procesador_Controlar edificio": "Controlar edificio",
"procesador_Leer información de edificio": "Leer información de edificio",
"procesador_Escribir texto a Mensaje": "Escribir texto a Mensaje",

"show_menu_invertir": "Invertir",
"show_menu_ningun_liquido": "Ningún líquido",
"show_menu_receta": "Receta",
"show_menu_unidad": "Unidad",
"show_menu_no_disponible": "No disponible de momento",

"pausa": "P A U S A",
"pausa_continuar": "Presiona P para continuar",
"pausa_red": "\n\"O\" para ver las redes eléctricas",
"pausa_liquido": "\n\"I\" para ver las redes de líquidos",
"pausa_enciclopedia": "\n\"Y\" para abrir la enciclopedia",
"pausa_reparar": "\n\"Q\" para reconstruir edificios",
"pausa_activar": "Activar",
"pausa_desactivar": "Desactivar",
"pausa_info": "información adicional",
"pausa_animacion": "animaciones del terreno",
"pausa_iluminacion": "la iluminación",
"pausa_humo": "humo",
"pausa_paredes": "texturas de paredes",
"pausa_UI": "UI",
"pausa_sonido": "sonido",

"enciclopedia_recursos": "Recursos",
"enciclopedia_edificios": "Edificios",
"enciclopedia_unidades": "Unidades",
"enciclopedia_tecnologia": "Tecnología",
"enciclopedia_combustible": "Combustible por",
"enciclopedia_usado_en": "Usado en",
"enciclopedia_producido_en": "Producido en",
"enciclopedia_necesario_para_construir": "Necesario para construir",
"enciclopedia_necesario_para_producir": "Necesario para producir",
"enciclopedia_inutil": "No es útil en el núcleo",
"enciclopedia_vida": "Vida máxima",
"enciclopedia_size": "Tamaño",
"enciclopedia_coste_construccion": "Coste de construcción",
"enciclopedia_consume": "Consume",
"enciclopedia_produce": "Produce",
"enciclopedia_construir": "Construir",
"enciclopedia_investigar": "Investigar",
"enciclopedia_aerea": "Unidad aérea",

"objetivo_conseguir": "conseguir",
"objetivo_tener almacenado": "tener almacenado",
"objetivo_construir": "construir",
"objetivo_tener construido": "tener construido",
"objetivo_matar": "matar",
"objetivo_sin objetivo": "sin objetivo",
"objetivo_apretar ADWS": "apretar ADWS",
"objetivo_cargar edificio": "cargar edificio",

"planta_quimica_receta 0": "Ácido",
"planta_quimica_receta 1": "Concreto",
"planta_quimica_receta 2": "Explosivos",
"planta_quimica_receta 3": "Combustible",
"planta_quimica_receta 4": "Piedra Sulfatada",
"planta_quimica_receta 5": "Baterías",
"planta_quimica_receta 6": "Plástico",

"planta_quimica_descripcion 0": "Consume Piedra Sulfatada y energía para producir Ácido",
"planta_quimica_descripcion 1": "Utiliza Arena, Piedra y Agua para producir Concreto",
"planta_quimica_descripcion 2": "Utiliza Carbón y Piedra Sulfatada para producir Explosivos",
"planta_quimica_descripcion 3": "Utiliza Petróleo y energía para producir compuestos combustibles de larga duración",
"planta_quimica_descripcion 4": "Extrae Piedra Sulfatada del Petróleo usando energía",
"planta_quimica_descripcion 5": "Utiliza Ácido, Hierro y energía para producir Baterías",
"planta_quimica_descripcion 6": "Utiliza Petróleo y mucha energía para producir Plástico",
}