{
"menu_hexdustry": "HEXDUSTRY",
"menu_juego_rapido": "Быстрая игра",
"menu_tutorial": "Обучение",
"menu_cargar_escenario": "Загрузить карту",
"menu_editor": "Редактор",
"menu_precio_tecnologia": "Цена Технологии",
"menu_claves": "Песочница",
"menu_sin_archivos": "Сценариев пока нет",

"cancelar": "Отмена",
"volver": "Назад",
"nuevo_archivo": "Новый файл",
"activar": "Активировать",
"desactivar": "Деактивировать",

"Нúcleo": "Ядро",
"Taladro": "Бур",
"Cinta Transportadora": "Конвейер",
"Enrutador": "Распределитель",
"Selector": "Селектор",
"Overflow": "Переполнение",
"Túnel": "Тоннель",
"Horno": "Печь",
"Taladro Eléctrico": "Электрический бур",
"Triturador": "Дробитель",
"Generador": "Генератор",
"Cable": "Кабель",
"Batería": "Батарея",
"Panel Solar": "Солнечная панель",
"Bomba Hidráulica": "Гидравлический насос",
"Tubería": "Труба",
"Túnel salida": "Выход тоннеля",
"Energía Infinita": "Бесконечная энергия",
"Cinta Magnética": "Магнитный конвейер",
"Torre básica": "Базовая турель",
"Rifle": "Винтовка",
"Lanzallamas": "Огнемёт",
"Planta Química": "Химический завод",
"Láser": "Лазер",
"Depósito": "Хранилище",
"Líquido Infinito": "Бесконечная жидкость",
"Turbina": "Турбина",
"Refinería de Metales": "Металлургический завод",
"Fábrica de Drones": "Фабрика дронов",
"Recurso Infinito": "Бесконечный ресурс",
"Bomba de Evaporación": "Испаряющий насос",
"Horno de Lava": "Лавовая печь",
"Generador Geotérmico": "Геотермальный генератор",
"Taladro de Explosión": "Взрывной бур",
"Muro": "Стена",
"Puerto de Carga": "Порт погрузки",
"Ensambladora": "Сборщик",
"Planta Nuclear": "Атомная станция",
"Torre de Alta Tensión": "Высоковольтная башня",
"Perforadora de Petróleo": "Нефтяная буровая",
"Mortero": "Миномёт",
"Procesador": "Процессор",
"Mensaje": "Сообщение",
"Memoria": "Память",
"Torre Reparadora": "Ремонтная башня",
"Tubería Subterránea": "Подземная труба",
"Onda de Choque": "Ударная волна",
"Muro Reforzado": "Укреплённая стена",

"descripcion_Núcleo": "Командный центр. Все ресурсы хранятся здесь. Его необходимо защищать любой ценой.",
"descripcion_Taladro": "Добывает медь, железо и уголь бесплатно. Может быть усилен водой.",
"descripcion_Cinta Transportadora": "Перемещает ресурсы из одного места в другое.",
"descripcion_Enrutador": "Распределяет ресурсы в выбранном направлении.",
"descripcion_Selector": "Пропускает только один выбранный ресурс, перенаправляя остальные.",
"descripcion_Overflow": "Перенаправляет ресурсы, когда линия переполнена.",
"descripcion_Túnel": "Пропускает ресурсы под землёй, позволяя строить сверху.",
"descripcion_Horno": "Использует топливо для выплавки бронзы, стали и кремния.",
"descripcion_Taladro Eléctrico": "Улучшенный бур, добывает камень и песок. Потребляет энергию. Может быть усилен кислотой.",
"descripcion_Triturador": "Дробит камень в песок.",
"descripcion_Generador": "Производит энергию, используя топливо.",
"descripcion_Cable": "Соединяет здания с энергосетью.",
"descripcion_Batería": "Хранит избыточную энергию.",
"descripcion_Panel Solar": "Производит чистую энергию от солнца.",
"descripcion_Bomba Hidráulica": "Добывает жидкости из-под земли, используя энергию.",
"descripcion_Tubería": "Перемещает жидкости между зданиями.",
"descripcion_Túnel salida": "Пропускает ресурсы под землёй, позволяя строить сверху.",
"descripcion_Energía Infinita": "Производит энергию с помощью магии.",
"descripcion_Cinta Magnética": "Улучшенный конвейер, перевозящий больше предметов.",
"descripcion_Torre básica": "Простая оборонная турель; стреляет медью или железом.",
"descripcion_Rifle": "Дальнобойная турель. Стреляет бронзой, сталью или ураном.",
"descripcion_Lanzallamas": "Использует горючие ресурсы, чтобы поджигать врагов. Может быть усилен нефтью.",
"descripcion_Planta Química": "Позволяет выбирать рецепты для производства химических материалов.",
"descripcion_Láser": "Испускает постоянный лазер. Урон зависит от доступной энергии.",
"descripcion_Depósito": "Хранит большое количество жидкости.",
"descripcion_Líquido Infinito": "Создаёт выбранную жидкость с помощью магии.",
"descripcion_Turbina": "Производит энергию, используя топливо и воду.",
"descripcion_Refinería de Metales": "Очищает медную или железную руду с помощью кислоты.",
"descripcion_Fábrica de Drones": "Производит транспортные дроны. Нужно много энергии, кремния и батарей.",
"descripcion_Recurso Infinito": "Создаёт ресурсы с помощью магии.",
"descripcion_Bomba de Evaporación": "Медленно добывает воду через испарение.",
"descripcion_Horno de Lava": "Плавит быстрее, используя тепло лавы.",
"descripcion_Generador Geotérmico": "Производит энергию, испаряя воду. Должен стоять на лаве.",
"descripcion_Taladro de Explosión": "Использует взрывчатку для добычи одного ресурса с каждой клетки в области.",
"descripcion_Muro": "Отвлекает врагов, пока оборона уничтожает их.",
"descripcion_Puerto de Carga": "Соединяет порты, позволяя дронам переносить ресурсы.",
"descripcion_Ensambladora": "Использует медь и кремний для производства компонентов.",
"descripcion_Planta Nuclear": "Потребляет 1 часть обогащённого и 20 частей обеднённого урана, а также воду, создавая огромную энергию.",
"descripcion_Torre de Alta Tensión": "Передаёт энергию на большие расстояния.",
"descripcion_Perforadora de Petróleo": "Производит нефть в любом месте карты за высокую цену.",
"descripcion_Mortero": "Стреляет взрывными снарядами по дальним целям.",
"descripcion_Procesador": "Обрабатывает логические инструкции.",
"descripcion_Mensaje": "Позволяет писать сообщения.",
"descripcion_Memoria": "Хранит до 128 значений.",
"descripcion_Torre Reparadora": "Использует энергию для ремонта зданий лазером.",
"descripcion_Tubería Subterránea": "Проводит жидкости под землёй.",
"descripcion_Onda de Choque": "Заряжает и выпускает мощную ударную волну, которая наносит урон и замедляет всех врагов в радиусе действия.",
"descripcion_Muro Reforzado": "Улучшенная версия стены — прочнее и лучше",

"Cobre": "Медь",
"Carbón": "Уголь",
"Bronce": "Бронза",
"Hierro": "Железо",
"Acero": "Сталь",
"Arena": "Песок",
"Piedra": "Камень",
"Silicio": "Кремний",
"Concreto": "Бетон",
"Piedra Cúprica": "Медная руда",
"Piedra Férrica": "Железная руда",
"Piedra Sulfatada": "Сульфатная порода",
"Compuesto Incendiario": "Зажигательная смесь",
"Explosivo": "Взрывчатка",
"Batería": "Батарея",
"Plástico": "Пластик",
"Componente": "Компонент",
"Uranio Bruto": "Необработанный уран",
"Uranio Enriquecido": "Обогащённый уран",
"Uranio Empobrecido": "Обеднённый уран",

"descripcion_Cobre": "Базовый ресурс, необходимый для первых зданий. Может быть переработан в бронзу.",
"descripcion_Carbón": "Базовое топливо. Используется в печах и генераторах.",
"descripcion_Bronce": "Полезный ресурс для строительства средней инфраструктуры.",
"descripcion_Hierro": "Базовый ресурс, необходимый для ранних зданий.",
"descripcion_Acero": "Полезный ресурс для строительства средней инфраструктуры.",
"descripcion_Arena": "Необходима для производства кремния и бетона.",
"descripcion_Piedra": "Необходима для производства бетона. Может быть измельчена в песок.",
"descripcion_Silicio": "Используется для солнечных панелей, дронов и микросхем.",
"descripcion_Concreto": "Используется для строительства средней инфраструктуры.",
"descripcion_Piedra Cúprica": "Можно использовать как обычный камень или очистить для получения меди.",
"descripcion_Piedra Férrica": "Можно использовать как камень или очистить для получения железа.",
"descripcion_Piedra Sulfatada": "Можно использовать как камень, но незаменима в продвинутом производстве.",
"descripcion_Compuesto Incendiario": "Продвинутое топливо, эффективнее и долговечнее угля.",
"descripcion_Explosivo": "Продвинутая боеприпас для миномётов и взрывных буров.",
"descripcion_Batería": "Необходима для производства всех типов дронов.",
"descripcion_Plástico": "Лёгкий материал, используется в производстве дронов.",
"descripcion_Componente": "Базовая микросхема. Необходима для дронов и продвинутых зданий.",
"descripcion_Uranio Bruto": "Необработанный уран. Можно переработать на обогащённый и обеднённый.",
"descripcion_Uranio Enriquecido": "Уран-235. Используется для производства энергии на АЭС.",
"descripcion_Uranio Empobrecido": "Уран-238. Используется на АЭС и как боеприпас.",

"Piedra": "Камень",
"Pasto": "Трава",
"Agua": "Вода",
"Arena": "Песок",
"Agua Profunda": "Глубокая вода",
"Petróleo": "Нефть",
"Piedra Cúprica": "Медная порода",
"Piedra Férrica": "Железная порода",
"Basalto Sulfatado": "Сульфатный базальт",
"Pared de Piedra": "Каменная стена",
"Pared de Pasto": "Травяная стена",
"Pared de Arena": "Песчаная стена",
"Nieve": "Снег",
"Pared de Nieve": "Снежная стена",
"Lava": "Лава",
"Hielo": "Лёд",
"Basalto": "Базальт",
"Ceniza": "Пепел",

"Araña": "Паук",
"Dron": "Дрон",
"Reparador": "Ремонтник",
"Explosivo": "Подрывник",
"Tanque": "Танк",
"Helicoptero": "Вертолёт",

"Transporte": "Транспорт",
"Extracción": "Добыча",
"Producción": "Производство",
"Electricidad": "Энергия",
"Líquidos": "Жидкости",
"Defensa": "Оборона",
"Lógica": "Логика",

"editor_nuevo_objetivo": "Название цели",
"editor_configuracion": "Настройки",
"editor_edificios_disponibles": "доступные здания",
"editor_objetivo": "Цель",
"editor_de": "из",
"editor_enemigos": "врагов",
"editor_habilitar": "Включить таймер",
"editor_deshabilitar": "Выключить таймер",
"editor_luego_de": "после",
"editor_mostrar": "показать",
"editor_ocultar": "скрыть",
"editor_on": "на",
"editor_add_text": "Добавить текст",
"editor_no": "Нет",
"editor_cambiar_oleadas": "Включить / Выключить волны",
"editor_mover_camara": "Переместить камеру",
"editor_mover_a": "Переместить в",
"editor_eliminar_objetivo": "Удалить цель",
"editor_activar_oleadas": "Активировать волны",
"editor_desactivar_oleadas": "Деактивировать волны",
"editor_primera_ronda": "Время первой волны",
"editor_siguiente_ronda": "Время между волнами",
"editor_texto_victoria": "Текст победы",
"editor_multiplicador_vida": "Множитель здоровья врагов",
"editor_carga_inicial": "Начальная загрузка",
"editor_generar_terreno": "Сгенерировать ландшафт",
"editor_seed": "Сид",
"editor_terreno_base": "Базовый ландшафт",
"editor_add": "Добавить",
"editor_size": "размером",
"editor_veces": "раз",
"editor_al_rededor": "Вокруг",
"editor_reemplazar": "заменить",
"editor_con": "на",
"editor_Reemplazar": "Заменить",
"editor_el": "",
"editor_del_tiempo": "времени",
"editor_manchas": "Пятна ландшафта",
"editor_borde": "Границы",
"editor_ruido": "Шум",
"editor_menas": "Жилы ресурсов",
"editor_size_map": "Размер карты",
"editor_clic": "ЛКМ чтобы",
"editor_clic_aplicar": "Клик для применения",
"editor_eliminar_mena": "Удалить жилу ресурсов",
"editor_cambiar_base": "Изменить позицию базы",
"editor_cambiar_zona": "Изменить зону появления врагов",
"editor_info": "Просмотреть информацию",
"editor_objetivos": "Цели",
"editor_editar_mapa": "Редактировать карту",
"editor_guardar": "Сохранить карту",
"editor_cargar": "Загрузить карту",

"game_activar": "Активировать",
"game_first_wave": "для первой волны",
"game_next_wave": "для следующей волны",
"game_enciclopedia": "Энциклопедия",
"game_puerto_carga": "Соединяется с другим портом погрузки",
"game_vincular_procesador": "Связывается с любым зданием",
"game_creando_dron": "Создание дрона",
"game_limite_dron": "Лимит дронов достигнут",

"mision_enemigos": "врагов",
"mision_tiempo": "Осталось времени",

"almacen_almacen": "Хранилище",
"almacen_total": "Всего",
"almacen_sin_recursos": "Нет ресурсов",
"almacen_recursos_disponibles": "Доступные ресурсы",
"almacen_combustion": "Сгорание",
"almacen_acepta_todo": "Принимает всё",
"almacen_acepta": "Принимает",
"almacen_entrega_todo": "Выдаёт всё",
"almacen_entrega": "Выдаёт",
"almacen_funcionando_al": "Работает на",
"almacen_de_su_capacidad": "своей мощности",
"almacen_proceso": "Процесс",
"almacen_consumiendo": "Потребляет",
"almacen_produciendo": "Производит",
"almacen_sin_receta": "Нет рецепта",

"red_red": "Сеть",
"red_consumo": "Потребление",
"red_generacion": "Генерация",
"red_bateria": "Батарея",
"red_energia": "энергия",

"flujo_flujo": "Поток",
"flujo_sin_liquido": "Нет жидкости",
"flujo_generacion": "Генерация",
"flujo_consumo": "Потребление",
"flujo_almacenado": "Запасено",
"flujo_liquido": "жидкость",

"win_victoria": "Победа",
"win_derrota": "Поражение",
"win_tiempo": "Время",
"win_edificios": "Построенные здания",
"win_drones": "Созданные дроны",
"win_enemigos": "Уничтоженные враги",
"win_siguiente_mision": "Следующая миссия",
"win_seguir_jugando": "Продолжить игру?",
"win_reintentar": "Повторить",
"win_salir": "В меню",

"construir_recursos_insuficientes": "Недостаточно ресурсов",
"construir_enemigos_cerca": "Слишком близко враги!",
"construir_zona_enemigos": "Зона появления врагов",
"construir_terreno_invalido": "Непригодный участок",
"construir_combinar_liquidos": "Нельзя смешивать жидкости",
"construir_sobre_agua_lava": "Должно быть построено на воде, нефти или лаве",
"construir_sobre_lava": "Должно быть построено на лаве",
"construir_sobre_agua": "Должно быть построено на воде",
"construir_sobre_minerales": "Должно быть построено на минералах",
"construir_sobre_minerales_piedra": "Должно быть построено на минералах, камне или песке",
"construir_ocupado": "Участок занят",

"procesador_cargar": "Загрузить код",
"procesador_guardar": "Сохранить код",
"procesador_next_step": "Следующая инструкция",
"procesador_add": "Добавить",
"procesador_subir": "Вверх",
"procesador_clonar": "Клонировать",
"procesador_borrar": "Удалить",
"procesador_vincular": "Связать здания",

"procesador_continue": "Продолжить",
"procesador_set": "Установить",
"procesador_random": "Случайное значение",
"procesador_to": "в",
"procesador_if": "Если",
"procesador_is": "равно",
"procesador_is_not": "не равно",
"procesador_jump": "переход на строку",
"procesador_control": "Управление",
"procesador_to_set": "для установки",
"procesador_from": "из",

"procesador_write": "Записать",
"procesador_to_value_of_cell": "в значение ячейки",
"procesador_into_value_of_cell": "в значение ячейки",
"procesador_of": "из",
"procesador_Continuar": "Продолжить",
"procesador_Asignar variable": "Назначить переменную",
"procesador_Variable aleatoria": "Случайная переменная",
"procesador_Operaciones": "Операции",
"procesador_Saltar a línea": "Перейти к строке",
"procesador_Controlar edificio": "Управлять зданием",
"procesador_Leer información de edificio": "Читать информацию здания",
"procesador_Escribir texto a Mensaje": "Записать текст в Сообщение",

"show_menu_invertir": "Инвертировать",
"show_menu_ningun_liquido": "Нет жидкости",
"show_menu_receta": "Рецепт",
"show_menu_unidad": "Юнит",
"show_menu_no_disponible": "Пока недоступно",

"pausa": "П А У З А",
"pausa_continuar": "Нажмите P чтобы продолжить",
"pausa_red": "\n\"O\" чтобы увидеть энергосеть",
"pausa_liquido": "\n\"I\" чтобы увидеть сети жидкости",
"pausa_enciclopedia": "\n\"Y\" чтобы открыть энциклопедию",
"pausa_reparar": "\n\"Q\" для восстановления зданий",
"pausa_activar": "Включить",
"pausa_desactivar": "Выключить",
"pausa_info": "дополнительная информация",
"pausa_animacion": "анимации местности",
"pausa_iluminacion": "освещение",
"pausa_humo": "дым",
"pausa_paredes": "текстуры стен",
"pausa_UI": "Интерфейс",
"pausa_sonido": "звук",

"enciclopedia_recursos": "Ресурсы",
"enciclopedia_edificios": "Здания",
"enciclopedia_unidades": "Юниты",
"enciclopedia_tecnologia": "технология",
"enciclopedia_combustible": "Топливо для",
"enciclopedia_usado_en": "Используется в",
"enciclopedia_producido_en": "Производится в",
"enciclopedia_necesario_para_construir": "Необходимо для строительства",
"enciclopedia_necesario_para_producir": "Необходимо для производства",
"enciclopedia_inutil": "Не используется в ядре",
"enciclopedia_vida": "Макс. здоровье",
"enciclopedia_size": "Размер",
"enciclopedia_coste_construccion": "Стоимость строительства",
"enciclopedia_consume": "Потребляет",
"enciclopedia_produce": "Производит",
"enciclopedia_construir": "Построить",
"enciclopedia_investigar": "Расследовать",
"enciclopedia_aerea": "Воздушная единица",

"objetivo_conseguir": "получить",
"objetivo_tener almacenado": "иметь на складе",
"objetivo_construir": "построить",
"objetivo_tener construido": "иметь построенным",
"objetivo_matar": "убить",
"objetivo_sin objetivo": "без цели",
"objetivo_apretar ADWS": "нажать ADWS",
"objetivo_cargar edificio": "загрузить здание",

"planta_quimica_receta 0": "Кислота",
"planta_quimica_receta 1": "Бетон",
"planta_quimica_receta 2": "Взрывчатка",
"planta_quimica_receta 3": "Топливо",
"planta_quimica_receta 4": "Сульфатный камень",
"planta_quimica_receta 5": "Батареи",
"planta_quimica_receta 6": "Пластик",

"planta_quimica_descripcion 0": "Потребляет сульфатный камень и энергию для производства кислоты",
"planta_quimica_descripcion 1": "Использует песок, камень и воду для производства бетона",
"planta_quimica_descripcion 2": "Использует уголь и сульфатный камень для производства взрывчатки",
"planta_quimica_descripcion 3": "Использует нефть и энергию для производства долговечных топливных соединений",
"planta_quimica_descripcion 4": "Извлекает сульфатный камень из нефти, используя энергию",
"planta_quimica_descripcion 5": "Использует кислоту, железо и энергию для производства батарей",
"planta_quimica_descripcion 6": "Использует нефть и большое количество энергии для производства пластика",
}